Encoded_feature,Source_variable,Mean_abs_SHAP
Year,Year,0.04193700961135532
Fws,Fws,0.0124034349210365
crt_72[C]=-,crt_72[C],3.6833653327171847e-06
crt_72[C]=C,crt_72[C],0.00010227799222532833
"crt_72[C]=C,S",crt_72[C],0.0
"crt_72[C]=C,Y",crt_72[C],5.405858504997755e-06
crt_72[C]=Y,crt_72[C],4.17848166290485e-05
crt_74[M]=-,crt_74[M],1.0064383696224511e-05
crt_74[M]=I,crt_74[M],0.00019128424383416811
"crt_74[M]=I,M",crt_74[M],6.976063535004869e-05
crt_74[M]=M,crt_74[M],0.00019576392244375018
"crt_74[M]=M,I",crt_74[M],2.3763628175454133e-06
crt_75[N]=-,crt_75[N],2.9790062992072703e-05
crt_75[N]=D,crt_75[N],0.0016558524282467468
"crt_75[N]=D,E",crt_75[N],5.895741693699301e-05
"crt_75[N]=D,N",crt_75[N],0.0
crt_75[N]=E,crt_75[N],0.008252309551954957
"crt_75[N]=E,D",crt_75[N],3.873975414253448e-05
"crt_75[N]=E,K",crt_75[N],0.0
"crt_75[N]=E,N",crt_75[N],5.0026364709878e-05
crt_75[N]=N,crt_75[N],0.00019636682253087122
"crt_75[N]=N,D",crt_75[N],1.1793789700247154e-05
"crt_75[N]=N,E",crt_75[N],1.385802613707182e-07
crt_76[K]=-,crt_76[K],4.572178997229296e-05
crt_76[K]=K,crt_76[K],0.00015834584228587587
"crt_76[K]=K,T",crt_76[K],9.803866179432977e-06
crt_76[K]=T,crt_76[K],0.0001853680775275204
"crt_76[K]=T,K",crt_76[K],3.026822825267036e-05
"crt_76[K]=T,Q",crt_76[K],0.0
"crt_76[K]=T,Q*",crt_76[K],0.0
crt_72-76[CVMNK]=-,crt_72-76[CVMNK],1.1683697817221829e-05
"crt_72-76[CVMNK]=CIIET,CVIET",crt_72-76[CVMNK],0.0
crt_72-76[CVMNK]=CVIDT,crt_72-76[CVMNK],0.0017915169882295628
"crt_72-76[CVMNK]=CVIDT,CVIET",crt_72-76[CVMNK],1.912745495102445e-05
"crt_72-76[CVMNK]=CVIDT,CVMNK",crt_72-76[CVMNK],0.0
crt_72-76[CVMNK]=CVIET,crt_72-76[CVMNK],0.003288327192031441
"crt_72-76[CVMNK]=CVIET,CIIET",crt_72-76[CVMNK],0.0
"crt_72-76[CVMNK]=CVIET,CVIDT",crt_72-76[CVMNK],8.723045488651062e-05
"crt_72-76[CVMNK]=CVIET,CVMEK",crt_72-76[CVMNK],0.0
"crt_72-76[CVMNK]=CVIET,CVMKQ",crt_72-76[CVMNK],0.0
"crt_72-76[CVMNK]=CVIET,CVMKQ*",crt_72-76[CVMNK],0.0
"crt_72-76[CVMNK]=CVIET,CVMNK",crt_72-76[CVMNK],2.549987376287569e-05
"crt_72-76[CVMNK]=CVIET,CVMNK*",crt_72-76[CVMNK],0.0
"crt_72-76[CVMNK]=CVIET,SVMNT*",crt_72-76[CVMNK],0.0
"crt_72-76[CVMNK]=CVIET,YVIET",crt_72-76[CVMNK],0.0
crt_72-76[CVMNK]=CVMNK,crt_72-76[CVMNK],0.000542763665659694
"crt_72-76[CVMNK]=CVMNK,CVIDT",crt_72-76[CVMNK],2.522745810611696e-06
"crt_72-76[CVMNK]=CVMNK,CVIDT*",crt_72-76[CVMNK],0.0
"crt_72-76[CVMNK]=CVMNK,CVIET",crt_72-76[CVMNK],0.0
crt_72-76[CVMNK]=YVIET,crt_72-76[CVMNK],1.715328962136185e-05
crt_93[T]=-,crt_93[T],8.757384991664688e-06
crt_93[T]=I,crt_93[T],0.0
crt_93[T]=S,crt_93[T],0.0029807497206814706
"crt_93[T]=S,L",crt_93[T],0.0
"crt_93[T]=S,T",crt_93[T],7.455031802758912e-05
crt_93[T]=T,crt_93[T],0.005632737504091628
"crt_93[T]=T,S",crt_93[T],2.4040190741025046e-05
crt_97[H]=-,crt_97[H],1.033668395641378e-05
crt_97[H]=H,crt_97[H],0.0015364241028114254
"crt_97[H]=H,H",crt_97[H],0.0
"crt_97[H]=H,L",crt_97[H],3.330846565538555e-06
"crt_97[H]=H,Y",crt_97[H],5.786771382809497e-06
crt_97[H]=L,crt_97[H],0.00118509948192067
crt_97[H]=Y,crt_97[H],0.0005918120518292594
"crt_97[H]=Y,H",crt_97[H],1.3196449654755947e-07
"crt_97[H]=Y,Y",crt_97[H],0.0
crt_218[I]=-,crt_218[I],0.0007278998234988034
crt_218[I]=F,crt_218[I],0.0012587334371755587
"crt_218[I]=F,I",crt_218[I],3.262619257089624e-06
crt_218[I]=I,crt_218[I],0.001339568743804944
"crt_218[I]=I,F",crt_218[I],1.219538559234575e-05
crt_220[A]=-,crt_220[A],0.001461475563669831
crt_220[A]=A,crt_220[A],0.00012273070262142798
"crt_220[A]=A,S",crt_220[A],1.0501474858989862e-05
crt_220[A]=S,crt_220[A],0.0014035923012756795
"crt_220[A]=S,A",crt_220[A],7.483829040164839e-06
crt_271[Q]=-,crt_271[Q],0.00017700820361869703
crt_271[Q]=E,crt_271[Q],0.0003554184028102917
"crt_271[Q]=E,",crt_271[Q],0.0
"crt_271[Q]=E,Q",crt_271[Q],4.953995869197803e-05
crt_271[Q]=Q,crt_271[Q],0.0003925960783380898
"crt_271[Q]=Q,E",crt_271[Q],4.0044044095600865e-06
crt_326[N]=-,crt_326[N],0.0006554115781163769
crt_326[N]=N,crt_326[N],0.015164731884753015
"crt_326[N]=N,S",crt_326[N],3.910300360259517e-05
crt_326[N]=S,crt_326[N],0.011748254226352048
"crt_326[N]=S,N",crt_326[N],7.250153917769544e-05
crt_333[T]=-,crt_333[T],9.582019945348869e-05
crt_333[T]=S,crt_333[T],0.001143887576732087
"crt_333[T]=S,T",crt_333[T],3.281087994939944e-05
crt_333[T]=T,crt_333[T],0.0020734890066800337
"crt_333[T]=T,S",crt_333[T],6.626447164390411e-05
crt_353[G]=-,crt_353[G],1.2034224211728302e-06
crt_353[G]=G,crt_353[G],0.00018364220065039861
"crt_353[G]=G,V",crt_353[G],3.724761223312013e-06
crt_353[G]=V,crt_353[G],0.00019129037405775476
"crt_353[G]=V,G",crt_353[G],0.0
crt_356[I]=-,crt_356[I],0.00015293181434755212
crt_356[I]=I,crt_356[I],0.016940802705522534
"crt_356[I]=I,T",crt_356[I],2.351140465578794e-05
crt_356[I]=T,crt_356[I],0.021440178526385623
"crt_356[I]=T,I",crt_356[I],4.432618570729465e-05
crt_371[R]=-,crt_371[R],9.476585890045554e-05
crt_371[R]=I,crt_371[R],0.00462892093323062
"crt_371[R]=I,R",crt_371[R],6.423892668687272e-05
crt_371[R]=R,crt_371[R],0.0034074523796842194
"crt_371[R]=R,I",crt_371[R],5.006500384431237e-05
dhfr_16[N]=-,dhfr_16[N],1.0625582652596818e-05
dhfr_16[N]=A,dhfr_16[N],3.6798442940227325e-06
"dhfr_16[N]=A,S",dhfr_16[N],0.0
dhfr_51[N]=-,dhfr_51[N],6.967882908383165e-05
dhfr_51[N]=I,dhfr_51[N],0.008566658529511755
"dhfr_51[N]=I,N",dhfr_51[N],0.00016507766450369135
dhfr_51[N]=N,dhfr_51[N],0.008081372586705183
"dhfr_51[N]=N,I",dhfr_51[N],0.00010664155445186648
dhfr_59[C]=-,dhfr_59[C],1.7278097628040576e-05
dhfr_59[C]=C,dhfr_59[C],4.932966571215868e-05
"dhfr_59[C]=C,R",dhfr_59[C],7.951627870361169e-08
dhfr_59[C]=R,dhfr_59[C],5.759129113139386e-05
"dhfr_59[C]=R,C",dhfr_59[C],1.678440770505581e-07
dhfr_108[S]=-,dhfr_108[S],1.824332634779203e-05
dhfr_108[S]=N,dhfr_108[S],3.499361069217787e-05
"dhfr_108[S]=N,S",dhfr_108[S],0.0
dhfr_108[S]=S,dhfr_108[S],1.6593105147565285e-05
"dhfr_108[S]=S,N",dhfr_108[S],6.711672000530324e-08
dhfr_164[I]=-,dhfr_164[I],3.861084793792089e-05
dhfr_164[I]=I,dhfr_164[I],0.0069371938188140065
"dhfr_164[I]=I,L",dhfr_164[I],0.0001831348287556416
dhfr_164[I]=L,dhfr_164[I],0.0077813935993780005
"dhfr_164[I]=L,I",dhfr_164[I],0.0001862773129361239
dhfr_306[S]=-,dhfr_306[S],2.1433652998099213e-05
dhfr_306[S]=S,dhfr_306[S],6.971977152676089e-06
dhps_436[S]=-,dhps_436[S],3.120454909410696e-05
dhps_436[S]=A,dhps_436[S],0.003913012285814329
"dhps_436[S]=A,F",dhps_436[S],2.532917886075477e-06
"dhps_436[S]=A,S",dhps_436[S],0.00025306812128726117
dhps_436[S]=C,dhps_436[S],0.0
dhps_436[S]=F,dhps_436[S],0.0009507974276256054
dhps_436[S]=S,dhps_436[S],0.003884722819890216
"dhps_436[S]=S,A",dhps_436[S],0.00023500539557842396
dhps_437[G]=-,dhps_437[G],1.4347228584554524e-05
dhps_437[G]=A,dhps_437[G],0.00382165106235922
"dhps_437[G]=A,G",dhps_437[G],1.8901439179124663e-06
dhps_437[G]=G,dhps_437[G],0.004803175927853816
"dhps_437[G]=G,A",dhps_437[G],1.4469252741408494e-05
dhps_540[K]=-,dhps_540[K],0.00012016111780532907
dhps_540[K]=E,dhps_540[K],0.009148557562693298
"dhps_540[K]=E,K",dhps_540[K],0.00010861898784492365
"dhps_540[K]=E,N",dhps_540[K],9.10584036235343e-05
"dhps_540[K]=E,N*",dhps_540[K],0.0
dhps_540[K]=K,dhps_540[K],0.02012632846257019
"dhps_540[K]=K,D*",dhps_540[K],0.0
"dhps_540[K]=K,E",dhps_540[K],7.009660442197551e-05
"dhps_540[K]=K,N",dhps_540[K],2.206494283679896e-06
"dhps_540[K]=K,Y",dhps_540[K],0.0
dhps_540[K]=N,dhps_540[K],0.035798471021430925
"dhps_540[K]=N,E",dhps_540[K],0.00010906941575116212
"dhps_540[K]=N,E*",dhps_540[K],0.0
"dhps_540[K]=N,K",dhps_540[K],6.419528490215618e-05
dhps_540[K]=Y,dhps_540[K],1.810900465907061e-05
"dhps_540[K]=Y,K",dhps_540[K],0.0
dhps_581[A]=-,dhps_581[A],4.53996560735686e-05
dhps_581[A]=A,dhps_581[A],0.01764988261976669
"dhps_581[A]=A,G",dhps_581[A],0.00013609509623165907
dhps_581[A]=G,dhps_581[A],0.015332044730219681
"dhps_581[A]=G,A",dhps_581[A],0.0002537727174653811
"dhps_581[A]=G,G",dhps_581[A],0.0
dhps_613[A]=-,dhps_613[A],2.045046254565406e-05
dhps_613[A]=A,dhps_613[A],0.0010419056570546007
"dhps_613[A]=A,S",dhps_613[A],0.0
"dhps_613[A]=A,T",dhps_613[A],9.682563166120174e-06
dhps_613[A]=S,dhps_613[A],0.0010378327627803376
"dhps_613[A]=S,A",dhps_613[A],0.0
dhps_613[A]=T,dhps_613[A],0.00017835880673998123
"dhps_613[A]=T,A",dhps_613[A],1.3686181361194353e-05
exo_415[E]=-,exo_415[E],2.515421606482148e-06
exo_415[E]=E,exo_415[E],0.047634530749778976
"exo_415[E]=E,G",exo_415[E],9.602595342956383e-05
exo_415[E]=G,exo_415[E],0.03905069727411607
"exo_415[E]=G,E",exo_415[E],0.000392496422668786
mdr1_86[N]=-,mdr1_86[N],6.830494321946812e-05
mdr1_86[N]=N,mdr1_86[N],0.0002541863150248918
"mdr1_86[N]=N,Y",mdr1_86[N],0.0
mdr1_86[N]=Y,mdr1_86[N],0.00021112323016457728
"mdr1_86[N]=Y,N",mdr1_86[N],0.0
mdr1_184[Y]=-,mdr1_184[Y],0.00023889451755252725
mdr1_184[Y]=F,mdr1_184[Y],0.05063686159700485
"mdr1_184[Y]=F,Y",mdr1_184[Y],0.00034563025710180017
mdr1_184[Y]=Y,mdr1_184[Y],0.029092624066177384
"mdr1_184[Y]=Y,F",mdr1_184[Y],0.0006704962396045427
mdr1_1034[S]=-,mdr1_1034[S],0.00036675007913669096
mdr1_1034[S]=C,mdr1_1034[S],6.83457345756937e-06
"mdr1_1034[S]=C,S",mdr1_1034[S],0.0
mdr1_1034[S]=I,mdr1_1034[S],3.579144993835578e-05
"mdr1_1034[S]=I,S",mdr1_1034[S],0.0
mdr1_1034[S]=S,mdr1_1034[S],0.00023886802141972327
"mdr1_1034[S]=S,C",mdr1_1034[S],0.0
mdr1_1042[N]=-,mdr1_1042[N],0.00027218541746113677
mdr1_1042[N]=D,mdr1_1042[N],0.0004721020160795906
"mdr1_1042[N]=D,N",mdr1_1042[N],0.0
mdr1_1042[N]=N,mdr1_1042[N],0.00044884126280047974
"mdr1_1042[N]=N,D",mdr1_1042[N],0.0
mdr1_1226[F]=-,mdr1_1226[F],8.833825100600916e-05
mdr1_1226[F]=F,mdr1_1226[F],0.005303986952744919
"mdr1_1226[F]=F,Y",mdr1_1226[F],0.0003725488307223614
mdr1_1226[F]=Y,mdr1_1226[F],0.004553885302795166
"mdr1_1226[F]=Y,F",mdr1_1226[F],0.0002631807714280354
mdr1_1246[D]=-,mdr1_1246[D],0.0001049528372365789
mdr1_1246[D]=D,mdr1_1246[D],8.998066659123194e-05
mdr1_1246[D]=Y,mdr1_1246[D],1.855073156712269e-05
arps10_127-128[VD]=-,arps10_127-128[VD],0.0003779646682581789
arps10_127-128[VD]=MH,arps10_127-128[VD],0.057332394005803956
"arps10_127-128[VD]=MH,VD",arps10_127-128[VD],0.00012640903369032892
"arps10_127-128[VD]=MH,VH",arps10_127-128[VD],0.0
"arps10_127-128[VD]=MH,VY*",arps10_127-128[VD],2.4321000233379074e-05
arps10_127-128[VD]=VD,arps10_127-128[VD],0.035580517371215856
"arps10_127-128[VD]=VD,MH",arps10_127-128[VD],0.0001400311721538524
"arps10_127-128[VD]=VD,VY",arps10_127-128[VD],2.4717476077545983e-06
arps10_127-128[VD]=VH,arps10_127-128[VD],0.0006134687776399279
"arps10_127-128[VD]=VH,MH",arps10_127-128[VD],3.303392011714904e-06
"arps10_127-128[VD]=VH,VD",arps10_127-128[VD],0.0
"arps10_127-128[VD]=VH,VY",arps10_127-128[VD],0.0
arps10_127-128[VD]=VY,arps10_127-128[VD],0.0017092373800464227
"arps10_127-128[VD]=VY,MH*",arps10_127-128[VD],2.6141619906257645e-06
"arps10_127-128[VD]=VY,VD",arps10_127-128[VD],8.008078631941058e-06
"arps10_127-128[VD]=VY,VH",arps10_127-128[VD],0.0
fd_193[D]=-,fd_193[D],2.2077875809413358e-06
fd_193[D]=D,fd_193[D],0.011432430175869082
"fd_193[D]=D,Y",fd_193[D],0.00028550291971257485
fd_193[D]=Y,fd_193[D],0.025441245139716656
"fd_193[D]=Y,",fd_193[D],0.0
"fd_193[D]=Y,D",fd_193[D],0.00011400705487602487
mdr2_484[T]=-,mdr2_484[T],1.180223597161382e-05
mdr2_484[T]=I,mdr2_484[T],0.014002605194167394
"mdr2_484[T]=I,T",mdr2_484[T],0.0005082172647345295
mdr2_484[T]=T,mdr2_484[T],0.01678203930912716
"mdr2_484[T]=T,I",mdr2_484[T],0.000519571778403347
mdr1_dup_call=-1,mdr1_dup_call,0.0011024165435002
mdr1_dup_call=0,mdr1_dup_call,0.00288909747931778
mdr1_dup_call=1,mdr1_dup_call,0.0028725952952011885
pm2_dup_call=-1,pm2_dup_call,0.0034982904686340966
pm2_dup_call=0,pm2_dup_call,0.04161310673049563
pm2_dup_call=1,pm2_dup_call,0.01798596258478448
